fold,k,policy,method,soh_mae_pp
0,4,input_cluster,catboost,8.004473919243802
0,4,input_cluster,extra_trees,5.929737776622438
0,4,input_cluster,gp_rbf,3.5842216203907173
0,4,input_cluster,krr_rbf,3.0384911654288307
0,4,input_cluster,ridge_input,4.537014342190926
0,4,input_cluster,ridge_physics,2.1948068853010216
0,4,input_cluster,ridge_source,1.865207404421087
0,4,input_cluster,svr_rbf,4.7583606251388915
0,4,input_cluster,xgboost,10.15794807567931
0,4,physical_cluster,catboost,4.3500328342771075
0,4,physical_cluster,extra_trees,6.347613691028795
0,4,physical_cluster,gp_rbf,3.3845765831083816
0,4,physical_cluster,krr_rbf,3.0373037907115203
0,4,physical_cluster,ridge_input,4.75582075955575
0,4,physical_cluster,ridge_physics,1.7832703172114859
0,4,physical_cluster,ridge_source,1.6822510434870135
0,4,physical_cluster,svr_rbf,2.924214371054314
0,4,physical_cluster,xgboost,7.791807877390009
0,4,random,catboost,6.232347360907785
0,4,random,extra_trees,6.710522344795583
0,4,random,gp_rbf,4.85066743959673
0,4,random,krr_rbf,4.394676654659516
0,4,random,ridge_input,4.91936681423968
0,4,random,ridge_physics,2.5141672056320816
0,4,random,ridge_source,2.8842391967773438
0,4,random,svr_rbf,7.1231659937167064
0,4,random,xgboost,7.399942944621482
0,4,source_cluster,catboost,4.622785285958417
0,4,source_cluster,extra_trees,6.355848866596555
0,4,source_cluster,gp_rbf,2.442004772240735
0,4,source_cluster,krr_rbf,2.705845012999417
0,4,source_cluster,ridge_input,4.180041530676055
0,4,source_cluster,ridge_physics,2.0081028854637815
0,4,source_cluster,ridge_source,1.9941556830155218
0,4,source_cluster,svr_rbf,3.1717348181312226
0,4,source_cluster,xgboost,7.947557817425645
0,14,input_cluster,catboost,3.0067376439921745
0,14,input_cluster,extra_trees,1.6410480685846216
0,14,input_cluster,gp_rbf,1.8751269562358088
0,14,input_cluster,krr_rbf,1.765377780847382
0,14,input_cluster,ridge_input,3.452987068577817
0,14,input_cluster,ridge_physics,1.4699879919576366
0,14,input_cluster,ridge_source,1.5956869292677494
0,14,input_cluster,svr_rbf,1.6700304149992948
0,14,input_cluster,xgboost,3.936605130022729
0,14,physical_cluster,catboost,3.375141385090677
0,14,physical_cluster,extra_trees,2.4836927260843966
0,14,physical_cluster,gp_rbf,1.7999104943904065
0,14,physical_cluster,krr_rbf,1.6008643211677063
0,14,physical_cluster,ridge_input,3.581225612707305
0,14,physical_cluster,ridge_physics,1.2960485937999704
0,14,physical_cluster,ridge_source,1.4905452393648917
0,14,physical_cluster,svr_rbf,1.2946023075297246
0,14,physical_cluster,xgboost,4.368170754951343
0,14,random,catboost,3.7377540417073245
0,14,random,extra_trees,3.2985091316934065
0,14,random,gp_rbf,2.2082238936734817
0,14,random,krr_rbf,1.9306998448065151
0,14,random,ridge_input,2.593333907991822
0,14,random,ridge_physics,1.3622172617772865
0,14,random,ridge_source,1.4436027571471812
0,14,random,svr_rbf,2.92029275605617
0,14,random,xgboost,4.724380939327485
0,14,source_cluster,catboost,3.148698559530439
0,14,source_cluster,extra_trees,2.562226714315072
0,14,source_cluster,gp_rbf,1.5968473117730766
0,14,source_cluster,krr_rbf,1.4079919112356085
0,14,source_cluster,ridge_input,3.3572434765553614
0,14,source_cluster,ridge_physics,1.232854095815915
0,14,source_cluster,ridge_source,1.4122776455349393
0,14,source_cluster,svr_rbf,1.395815363913542
0,14,source_cluster,xgboost,4.371515084428397
1,4,input_cluster,catboost,8.035678237864571
1,4,input_cluster,extra_trees,9.995206847602939
1,4,input_cluster,gp_rbf,4.785435047065564
1,4,input_cluster,krr_rbf,4.165795691219377
1,4,input_cluster,ridge_input,4.90905785266264
1,4,input_cluster,ridge_physics,1.8602636949515636
1,4,input_cluster,ridge_source,1.7562828417177552
1,4,input_cluster,svr_rbf,9.779331540434292
1,4,input_cluster,xgboost,8.749934561458636
1,4,physical_cluster,catboost,8.905241145364561
1,4,physical_cluster,extra_trees,8.750664519822157
1,4,physical_cluster,gp_rbf,6.881286230380669
1,4,physical_cluster,krr_rbf,6.326185509010597
1,4,physical_cluster,ridge_input,6.145553977401168
1,4,physical_cluster,ridge_physics,2.3102633158365884
1,4,physical_cluster,ridge_source,1.8551328800342703
1,4,physical_cluster,svr_rbf,9.691653817699112
1,4,physical_cluster,xgboost,8.90766002513744
1,4,random,catboost,8.708268390730076
1,4,random,extra_trees,7.7673614647653375
1,4,random,gp_rbf,7.718583329487107
1,4,random,krr_rbf,7.2761264141695
1,4,random,ridge_input,7.8311133325835804
1,4,random,ridge_physics,5.521675098089524
1,4,random,ridge_source,4.634315102188676
1,4,random,svr_rbf,7.653394863929538
1,4,random,xgboost,10.666234616880065
1,4,source_cluster,catboost,9.068830860589944
1,4,source_cluster,extra_trees,8.5420654769297
1,4,source_cluster,gp_rbf,5.959259636228091
1,4,source_cluster,krr_rbf,6.762077260900427
1,4,source_cluster,ridge_input,7.3738164548520695
1,4,source_cluster,ridge_physics,2.784525482742875
1,4,source_cluster,ridge_source,2.2197833591037326
1,4,source_cluster,svr_rbf,10.41486652452118
1,4,source_cluster,xgboost,8.968688823558667
1,14,input_cluster,catboost,5.107750642515173
1,14,input_cluster,extra_trees,2.571676048718081
1,14,input_cluster,gp_rbf,3.7272548035176296
1,14,input_cluster,krr_rbf,3.418495578530394
1,14,input_cluster,ridge_input,5.048860396867917
1,14,input_cluster,ridge_physics,1.6072781292008766
1,14,input_cluster,ridge_source,1.7399198744032118
1,14,input_cluster,svr_rbf,3.573390095803008
1,14,input_cluster,xgboost,6.193920323878158
1,14,physical_cluster,catboost,5.974226003617082
1,14,physical_cluster,extra_trees,5.414955185826633
1,14,physical_cluster,gp_rbf,4.573955008711952
1,14,physical_cluster,krr_rbf,4.123680562148859
1,14,physical_cluster,ridge_input,4.878150492538641
1,14,physical_cluster,ridge_physics,1.996630315427427
1,14,physical_cluster,ridge_source,1.9582280523983049
1,14,physical_cluster,svr_rbf,4.113032305342656
1,14,physical_cluster,xgboost,6.962253711841725
1,14,random,catboost,6.489500542628986
1,14,random,extra_trees,5.526665149138866
1,14,random,gp_rbf,5.743648396628085
1,14,random,krr_rbf,5.40763176812066
1,14,random,ridge_input,4.9879345364040795
1,14,random,ridge_physics,2.450256512488848
1,14,random,ridge_source,2.1347092169302484
1,14,random,svr_rbf,7.950518161601693
1,14,random,xgboost,7.61851437886556
1,14,source_cluster,catboost,5.40227492481413
1,14,source_cluster,extra_trees,3.8212861521721075
1,14,source_cluster,gp_rbf,4.532341295394558
1,14,source_cluster,krr_rbf,4.1539736147280095
1,14,source_cluster,ridge_input,4.372126190750688
1,14,source_cluster,ridge_physics,2.0362999174329968
1,14,source_cluster,ridge_source,1.8798454190477913
1,14,source_cluster,svr_rbf,4.41995732629731
1,14,source_cluster,xgboost,6.493676173834153
2,4,input_cluster,catboost,8.065327929483452
2,4,input_cluster,extra_trees,9.008131504500353
2,4,input_cluster,gp_rbf,3.666144513236705
2,4,input_cluster,krr_rbf,4.265987820095486
2,4,input_cluster,ridge_input,6.416656423498083
2,4,input_cluster,ridge_physics,3.2729865180121527
2,4,input_cluster,ridge_source,2.867731730143229
2,4,input_cluster,svr_rbf,7.46048251654997
2,4,input_cluster,xgboost,9.731138794510452
2,4,physical_cluster,catboost,5.864991177177862
2,4,physical_cluster,extra_trees,6.269247565446077
2,4,physical_cluster,gp_rbf,3.1652602079127785
2,4,physical_cluster,krr_rbf,2.261067001907914
2,4,physical_cluster,ridge_input,5.397375318739149
2,4,physical_cluster,ridge_physics,1.8504374468768081
2,4,physical_cluster,ridge_source,1.8863630648012513
2,4,physical_cluster,svr_rbf,2.0266675736517694
2,4,physical_cluster,xgboost,8.612746132744682
2,4,random,catboost,7.658523267335596
2,4,random,extra_trees,7.273935593646249
2,4,random,gp_rbf,7.650972929800602
2,4,random,krr_rbf,6.007939468195409
2,4,random,ridge_input,5.055598671053662
2,4,random,ridge_physics,2.9327321817845475
2,4,random,ridge_source,2.4414997336305215
2,4,random,svr_rbf,9.218318050103326
2,4,random,xgboost,9.445550753746504
2,4,source_cluster,catboost,5.688834603511122
2,4,source_cluster,extra_trees,6.29499109144564
2,4,source_cluster,gp_rbf,2.9916604249986722
2,4,source_cluster,krr_rbf,2.1335890028211804
2,4,source_cluster,ridge_input,3.3933924215811273
2,4,source_cluster,ridge_physics,1.806817160712348
2,4,source_cluster,ridge_source,1.827444147180628
2,4,source_cluster,svr_rbf,1.9142537566123228
2,4,source_cluster,xgboost,8.509274518048322
2,14,input_cluster,catboost,3.835933494031044
2,14,input_cluster,extra_trees,2.5518905945478787
2,14,input_cluster,gp_rbf,1.9772276259893207
2,14,input_cluster,krr_rbf,1.964094656485098
2,14,input_cluster,ridge_input,4.143522874808606
2,14,input_cluster,ridge_physics,1.6086444148310908
2,14,input_cluster,ridge_source,2.078357767175745
2,14,input_cluster,svr_rbf,1.6965140527802904
2,14,input_cluster,xgboost,4.441538092530804
2,14,physical_cluster,catboost,4.448838642907365
2,14,physical_cluster,extra_trees,3.5319511745650223
2,14,physical_cluster,gp_rbf,2.1020947857151553
2,14,physical_cluster,krr_rbf,1.9087150715015555
2,14,physical_cluster,ridge_input,4.362887559113679
2,14,physical_cluster,ridge_physics,1.8334005143907335
2,14,physical_cluster,ridge_source,1.9341230745668763
2,14,physical_cluster,svr_rbf,1.9542017049760356
2,14,physical_cluster,xgboost,4.585251348989981
2,14,random,catboost,4.864458350194292
2,14,random,extra_trees,4.268423551337446
2,14,random,gp_rbf,2.7352753602431936
2,14,random,krr_rbf,2.40628202461902
2,14,random,ridge_input,3.8405379660335592
2,14,random,ridge_physics,2.2953065118671936
2,14,random,ridge_source,2.1904176076253257
2,14,random,svr_rbf,4.807326410153163
2,14,random,xgboost,5.855173888029876
2,14,source_cluster,catboost,4.188015666557545
2,14,source_cluster,extra_trees,3.5540325309338807
2,14,source_cluster,gp_rbf,2.0364153788774724
2,14,source_cluster,krr_rbf,1.9477193149519556
2,14,source_cluster,ridge_input,4.105535083346897
2,14,source_cluster,ridge_physics,1.6626350026071808
2,14,source_cluster,ridge_source,1.9256784886489682
2,14,source_cluster,svr_rbf,2.19901730486743
2,14,source_cluster,xgboost,4.684280513245382
3,4,input_cluster,catboost,7.590255976384968
3,4,input_cluster,extra_trees,5.316973965771404
3,4,input_cluster,gp_rbf,3.5306158765753706
3,4,input_cluster,krr_rbf,3.117814381917318
3,4,input_cluster,ridge_input,4.3299360393006125
3,4,input_cluster,ridge_physics,2.1389121538327065
3,4,input_cluster,ridge_source,1.985910486291956
3,4,input_cluster,svr_rbf,5.092577350202443
3,4,input_cluster,xgboost,8.751067338166415
3,4,physical_cluster,catboost,5.1512694007119375
3,4,physical_cluster,extra_trees,5.3938633330074355
3,4,physical_cluster,gp_rbf,2.701819660815777
3,4,physical_cluster,krr_rbf,2.0051357598952304
3,4,physical_cluster,ridge_input,3.262364116715796
3,4,physical_cluster,ridge_physics,1.8243033326702356
3,4,physical_cluster,ridge_source,1.8157767543086298
3,4,physical_cluster,svr_rbf,2.1569623320829043
3,4,physical_cluster,xgboost,5.666027328114451
3,4,random,catboost,5.74199984294228
3,4,random,extra_trees,5.3977295223577535
3,4,random,gp_rbf,5.477207040362327
3,4,random,krr_rbf,4.511669323768144
3,4,random,ridge_input,4.564875979482391
3,4,random,ridge_physics,2.589823051735207
3,4,random,ridge_source,2.080940858817395
3,4,random,svr_rbf,6.804193336260242
3,4,random,xgboost,6.75588478276759
3,4,source_cluster,catboost,4.695608816543075
3,4,source_cluster,extra_trees,4.870016815485777
3,4,source_cluster,gp_rbf,2.090363162907135
3,4,source_cluster,krr_rbf,2.328945795694987
3,4,source_cluster,ridge_input,4.90325171859176
3,4,source_cluster,ridge_physics,2.42012087504069
3,4,source_cluster,ridge_source,2.276459729229962
3,4,source_cluster,svr_rbf,3.42783061998088
3,4,source_cluster,xgboost,5.433981577555339
3,14,input_cluster,catboost,3.645877155024554
3,14,input_cluster,extra_trees,2.2478119236497163
3,14,input_cluster,gp_rbf,1.9245204352245433
3,14,input_cluster,krr_rbf,1.8190653059217665
3,14,input_cluster,ridge_input,3.337243963170935
3,14,input_cluster,ridge_physics,1.6403883710319613
3,14,input_cluster,ridge_source,1.7232623159149547
3,14,input_cluster,svr_rbf,2.0115650333603083
3,14,input_cluster,xgboost,3.9972449879587435
3,14,physical_cluster,catboost,3.593429426055452
3,14,physical_cluster,extra_trees,3.08718734978333
3,14,physical_cluster,gp_rbf,2.057337373136847
3,14,physical_cluster,krr_rbf,1.9121036058590737
3,14,physical_cluster,ridge_input,3.357882487921067
3,14,physical_cluster,ridge_physics,1.6490909906081213
3,14,physical_cluster,ridge_source,1.743136865121347
3,14,physical_cluster,svr_rbf,3.0366075938634847
3,14,physical_cluster,xgboost,4.129859853673865
3,14,random,catboost,4.274216445735495
3,14,random,extra_trees,3.2886155150662257
3,14,random,gp_rbf,2.9952730797467755
3,14,random,krr_rbf,2.713421809820481
3,14,random,ridge_input,3.6540196736653647
3,14,random,ridge_physics,1.7856457086256994
3,14,random,ridge_source,1.7060777405161918
3,14,random,svr_rbf,3.7989845852851434
3,14,random,xgboost,4.995657249733253
3,14,source_cluster,catboost,3.8117835727609313
3,14,source_cluster,extra_trees,3.1207415244380985
3,14,source_cluster,gp_rbf,2.0387453988036763
3,14,source_cluster,krr_rbf,1.888080973684052
3,14,source_cluster,ridge_input,3.884572676670404
3,14,source_cluster,ridge_physics,1.6616348690456815
3,14,source_cluster,ridge_source,1.8143944681426625
3,14,source_cluster,svr_rbf,2.7160696338609855
3,14,source_cluster,xgboost,3.9087324260193625
4,4,input_cluster,catboost,7.000766699129764
4,4,input_cluster,extra_trees,4.969787685223568
4,4,input_cluster,gp_rbf,2.5040952618458454
4,4,input_cluster,krr_rbf,2.4417079172016662
4,4,input_cluster,ridge_input,4.698526924039111
4,4,input_cluster,ridge_physics,3.384795718722873
4,4,input_cluster,ridge_source,2.833559318825051
4,4,input_cluster,svr_rbf,3.360623965592011
4,4,input_cluster,xgboost,9.96175879019278
4,4,physical_cluster,catboost,3.9140677475168357
4,4,physical_cluster,extra_trees,5.108524526931621
4,4,physical_cluster,gp_rbf,2.9022951521850184
4,4,physical_cluster,krr_rbf,2.556925102516457
4,4,physical_cluster,ridge_input,4.797203063964844
4,4,physical_cluster,ridge_physics,2.1403333875868054
4,4,physical_cluster,ridge_source,2.04350542139124
4,4,physical_cluster,svr_rbf,2.7728242814043558
4,4,physical_cluster,xgboost,5.772178296689634
4,4,random,catboost,6.021986036939548
4,4,random,extra_trees,4.9332615656617245
4,4,random,gp_rbf,4.108727503902105
4,4,random,krr_rbf,3.9397559931248796
4,4,random,ridge_input,4.199448126333731
4,4,random,ridge_physics,2.4632159339057074
4,4,random,ridge_source,2.2883298661973743
4,4,random,svr_rbf,5.268705148927318
4,4,random,xgboost,7.34816982128002
4,4,source_cluster,catboost,4.070375088399597
4,4,source_cluster,extra_trees,5.279434850480822
4,4,source_cluster,gp_rbf,2.12467314289434
4,4,source_cluster,krr_rbf,2.050383179276078
4,4,source_cluster,ridge_input,5.501691535667137
4,4,source_cluster,ridge_physics,1.8901131241409865
4,4,source_cluster,ridge_source,2.1873918462682655
4,4,source_cluster,svr_rbf,1.9296468678998993
4,4,source_cluster,xgboost,3.912148652253327
4,14,input_cluster,catboost,2.9824703659950007
4,14,input_cluster,extra_trees,2.0233729257028568
4,14,input_cluster,gp_rbf,1.9930050082908244
4,14,input_cluster,krr_rbf,1.914297268714434
4,14,input_cluster,ridge_input,2.857979692058799
4,14,input_cluster,ridge_physics,1.7657249356493538
4,14,input_cluster,ridge_source,2.119402214332863
4,14,input_cluster,svr_rbf,1.8575541506837483
4,14,input_cluster,xgboost,3.0443110524872203
4,14,physical_cluster,catboost,3.55430384392179
4,14,physical_cluster,extra_trees,2.8392638628068863
4,14,physical_cluster,gp_rbf,2.2701338305859213
4,14,physical_cluster,krr_rbf,2.21035662992501
4,14,physical_cluster,ridge_input,3.6227013623272932
4,14,physical_cluster,ridge_physics,2.084606100011755
4,14,physical_cluster,ridge_source,2.1844997641481
4,14,physical_cluster,svr_rbf,2.3210123867478796
4,14,physical_cluster,xgboost,3.424438971060294
4,14,random,catboost,3.0145091924503644
4,14,random,extra_trees,2.0768568732330626
4,14,random,gp_rbf,2.0267930266362653
4,14,random,krr_rbf,1.898058243739752
4,14,random,ridge_input,2.4818230146243248
4,14,random,ridge_physics,1.8356778886583116
4,14,random,ridge_source,2.0659715628918303
4,14,random,svr_rbf,1.9654194280223622
4,14,random,xgboost,3.373894561955958
4,14,source_cluster,catboost,3.2414438833310086
4,14,source_cluster,extra_trees,2.46252288174482
4,14,source_cluster,gp_rbf,2.3019623021636173
4,14,source_cluster,krr_rbf,2.22226138173798
4,14,source_cluster,ridge_input,3.3596969887062356
4,14,source_cluster,ridge_physics,2.0301771988103416
4,14,source_cluster,ridge_source,2.2542764640148776
4,14,source_cluster,svr_rbf,1.9442477973052443
4,14,source_cluster,xgboost,3.228617326712903